timestamp,accel_x,accel_y,accel_z,gyro_x,gyro_y,gyro_z,label
1764075723797,4.312464714,6.049055576,6.381059647,-0.028362645,0.027164223,0.025965801,Backstroke
1764075723897,4.312464714,6.049055576,6.381059647,-0.028362645,0.027164223,0.025965801,Backstroke
1764075723997,5.193621635,5.871986866,6.290132523,0.021172116,-0.009986847,0.083623193,Backstroke
1764075724097,5.193621635,5.871986866,6.290132523,0.021172116,-0.009986847,0.083623193,Backstroke
1764075724197,4.992624283,5.986842155,5.921638012,0.005060002,-0.009853689,0.029427908,Backstroke
1764075724297,4.992624283,5.986842155,5.921638012,0.005060002,-0.009853689,0.029427908,Backstroke
1764075724397,3.431307554,5.728417397,6.630511761,-0.013582111,0.115048476,0.04567318,Backstroke
1764075724497,3.431307554,5.728417397,6.630511761,-0.013582111,0.115048476,0.04567318,Backstroke
1764075724597,4.62891531,5.350351334,6.716653347,0.02862896,0.139682695,0.335558057,Backstroke
1764075724697,4.810770035,5.45085001,6.620940208,0.02862896,0.139682695,0.335558057,Backstroke
1764075724797,5.528616905,5.402993679,6.122634888,0.037017912,-0.015712639,0.304798573,Backstroke
1764075724897,5.528616905,5.402993679,6.122634888,0.037017912,-0.015712639,0.304798573,Backstroke
1764075724997,5.600401402,5.460421085,6.678368092,0.164450079,0.291882247,0.061119501,Backstroke
1764075725097,5.600401402,5.460421085,6.678368092,0.164450079,0.291882247,0.061119501,Backstroke
1764075725197,5.045266628,5.7571311,6.616154671,0.139416382,0.260456949,0.106925838,Backstroke
1764075725297,5.045266628,5.7571311,6.616154671,0.139416382,0.260456949,0.106925838,Backstroke
1764075725397,4.97826767,4.938187599,6.42413044,0.114116371,0.207992733,0.313853294,Backstroke
1764075725497,4.97826767,4.938187599,6.42413044,0.114116371,0.207992733,0.313853294,Backstroke
1764075725597,5.437689304,5.244469166,6.601797581,0.121173739,0.096406363,0.186154827,Backstroke
1764075725697,5.437689304,5.244469166,6.601797581,0.121173739,0.096406363,0.186154827,Backstroke
1764075725797,4.911268711,5.072185993,6.654439926,0.096672677,0.17616798,0.106260046,Backstroke
1764075725897,4.911268711,5.072185993,6.654439926,0.096672677,0.17616798,0.106260046,Backstroke
1764075726013,6.108277798,5.383851051,6.156134605,0.064182132,-0.062451079,0.10466215,Backstroke
1764075726097,4.896911621,5.283352375,6.711867332,0.064182132,-0.062451079,0.10466215,Backstroke
1764075726197,5.097908497,5.258825779,6.481558323,0.038482647,0.071372665,0.040613178,Backstroke
1764075726297,5.002195835,5.498706341,6.53958416,0.038482647,0.071372665,0.040613178,Backstroke
1764075726397,5.002195835,5.498706341,6.53958416,0.001065264,-0.025699485,-0.002130527,Backstroke
1764075726498,3.34038043,6.211767673,6.778866768,0.001065264,-0.025699485,-0.002130527,Backstroke
1764075726598,3.34038043,6.211767673,6.778866768,-0.238752216,-0.279498547,-0.363920689,Backstroke
1764075726718,4.446462631,6.456433773,6.366703033,-0.238752216,-0.279498547,-0.363920689,Backstroke
1764075726797,4.446462631,6.456433773,6.366703033,-0.689491868,0.190016404,-0.283226967,Backstroke
1764075726900,3.838685751,4.804189682,7.530212879,-0.689491868,0.190016404,-0.283226967,Backstroke
1764075726997,3.838685751,4.804189682,7.530212879,-0.856605113,0.063915819,-0.169243768,Backstroke
1764075727097,5.255835056,3.554538012,7.803592682,-0.856605113,0.063915819,-0.169243768,Backstroke
1764075727201,5.255835056,3.554538012,7.803592682,-1.192163229,-0.341949642,0.507997572,Backstroke
1764075727299,3.589832067,0.528215587,8.196015358,-1.192163229,-0.341949642,0.507997572,Backstroke
1764075727397,5.188836098,-0.750149906,7.223931789,-1.308410048,0.311989099,0.699079275,Backstroke
1764075727497,3.671188116,-3.077768087,8.809176445,-1.308410048,0.311989099,0.699079275,Backstroke
1764075727601,5.241477966,-4.715056896,9.675976753,-2.038248777,-0.258459598,1.183108449,Backstroke
1764075727699,5.294120312,-7.746165276,8.823533058,-2.038248777,-0.258459598,1.183108449,Backstroke
1764075727799,5.935994625,-6.11784935,5.413761139,-2.252766371,-0.491486013,1.54569757,Backstroke
1764075727897,2.047657967,-8.651249886,5.236692429,-2.252766371,-0.491486013,1.54569757,Backstroke
1764075728000,0.927218795,-10.93519974,2.038086653,-1.952361941,0.023702117,1.214267373,Backstroke
1764075728097,-2.491526604,-9.690333366,-4.631906509,-1.952361941,0.023702117,1.214267373,Backstroke
1764075728198,-4.512265205,-5.57707119,-4.081557274,-1.952361941,0.023702117,1.214267373,Backstroke
1764075728297,-2.075175524,-4.916054249,-7.85922575,-1.868871927,1.423059106,0.813595116,Backstroke
1764075728397,-0.360718012,-6.24766016,-7.404589653,-1.582582355,0.991893589,-0.568051815,Backstroke
1764075728497,2.033301115,-5.088337421,-9.219545364,-1.582582355,0.991893589,-0.568051815,Backstroke
1764075728598,4.144967079,-4.65762949,-9.525827408,-1.582582355,0.991893589,-0.568051815,Backstroke
1764075728697,4.715056896,-2.694318295,-7.634300709,-0.856471956,1.19376111,-1.39775908,Backstroke
1764075728797,6.529414654,-2.11046958,-6.001797199,-0.856471956,1.19376111,-1.39775908,Backstroke
1764075728897,8.631509781,-1.262812138,-6.92542696,-0.663392961,2.34344697,-1.295360565,Backstroke
1764075728997,9.507881165,-0.329013109,-5.6566329,-0.663392961,2.34344697,-1.295360565,Backstroke
1764075729097,10.42732334,3.894318819,-4.067200184,0.159656391,1.205212593,-1.525856972,Backstroke
1764075729197,7.731808186,4.253840446,-2.218744755,0.159656391,1.205212593,-1.525856972,Backstroke
1764075729297,8.665008545,6.518647194,-1.883749604,2.32866621,2.358360529,-2.036650896,Backstroke
1764075729397,10.0779705,6.235695839,-3.449253798,2.32866621,2.358360529,-2.036650896,Backstroke
1764075729497,11.35633659,7.485945702,-1.792224169,4.212851524,1.587908626,-0.231295362,Backstroke
1764075729598,9.565308571,6.882356167,-2.611167669,4.212851524,1.587908626,-0.231295362,Backstroke
1764075729698,-2.367099762,9.223732948,3.695116282,2.67767334,3.672762632,-1.221324801,Backstroke
1764075729799,7.611568928,6.71964407,3.45583415,2.67767334,3.672762632,-1.221324801,Backstroke
1764075729897,8.119445801,4.16710043,6.515655994,0.124635845,1.916941881,1.361939549,Backstroke
1764075729998,8.033304214,3.396611691,3.268595695,0.124635845,1.916941881,1.361939549,Backstroke
1764075730098,1.362712502,-1.248455167,6.462415695,-1.768870234,1.895769835,1.402952194,Backstroke
1764075730200,4.484747887,-3.704687595,6.960721016,-1.768870234,1.895769835,1.402952194,Backstroke
1764075730297,3.522234917,-7.118647575,3.354737282,-3.043458223,0.038349491,2.204962492,Backstroke
1764075730397,-6.753143787,-8.243872643,2.971885681,-3.043458223,0.038349491,2.204962492,Backstroke
1764075730497,3.991826296,-7.70788002,-3.588037491,-3.659979582,0.866325676,1.22798264,Backstroke
1764075730600,-3.133401155,-5.696712494,-4.411766529,-3.659979582,0.866325676,1.22798264,Backstroke
1764075730698,2.014158487,-4.839483738,-11.22114182,-3.461574316,0.306662768,0.340351731,Backstroke
1764075730799,1.669592023,-7.382455826,-9.017950058,-3.461574316,0.306662768,0.340351731,Backstroke
1764075730899,6.180062771,-3.532404423,-9.812965393,-1.411740661,1.771267176,-1.53624332,Backstroke
1764075730997,5.749354839,-1.813161373,-7.083951473,-1.411740661,1.771267176,-1.53624332,Backstroke
1764075731099,8.823533058,-2.364108801,-4.540979385,-0.626241863,2.788460732,-1.470196962,Backstroke
1764075731199,8.545368195,0.676570594,-5.326423168,-0.626241863,2.788460732,-1.470196962,Backstroke
1764075731299,7.022934437,2.25703001,0.917647481,0.056325816,2.510560036,-1.781786561,Backstroke
1764075731398,11.07876873,7.954938889,-3.698107481,0.056325816,2.510560036,-1.781786561,Backstroke
1764075731497,7.908876896,7.629515171,-1.893320918,2.584462643,1.735980272,-1.685113907,Backstroke
1764075731597,8.263014793,7.706085205,0.319441825,2.584462643,1.735980272,-1.685113907,Backstroke
1764075731697,8.090731621,6.451648235,-1.92203474,4.326834679,1.361273766,0.025965801,Backstroke
1764075731798,10.87777138,5.862415314,-6.585646152,4.326834679,1.361273766,0.025965801,Backstroke
1764075731897,0.113060869,8.270791054,2.219941139,2.819087029,3.450522184,-1.139565825,Backstroke
1764075731998,7.995018482,7.212565422,2.325225353,2.819087029,3.450522184,-1.139565825,Backstroke
1764075732098,4.537389755,6.657430649,4.044468403,-0.094142675,2.435725212,0.754339814,Backstroke
1764075732198,6.031707764,5.005186558,7.372286797,-0.094142675,2.435725212,0.754339814,Backstroke
1764075732298,5.595615864,1.557727575,6.266204357,-1.274987459,1.340634346,2.022003651,Backstroke
1764075732398,0.750149906,-0.654437006,6.280561447,-1.274987459,1.340634346,2.022003651,Backstroke
1764075732497,5.179264545,-6.778866768,6.314060688,-3.302583694,1.164999008,2.118010521,Backstroke
1764075760843,5.179264545,-6.778866768,6.314060688,-3.302583694,1.164999008,2.118010521,Backstroke
1764075761001,3.32063961,6.131608009,7.110272408,-0.062184766,-0.113583736,-0.139150068,Backstroke
1764075761097,2.516651154,5.917450428,7.510472298,-0.062184766,-0.113583736,-0.139150068,Backstroke
1764075761197,2.173879385,5.968297958,7.423732281,0.014913691,0.280830115,-0.026764749,Backstroke
1764075761297,2.029711723,5.851049423,7.272386074,0.014913691,0.280830115,-0.026764749,Backstroke
1764075761397,2.730210543,5.767899036,7.677969456,0.020240009,0.055660024,0.047137916,Backstroke
1764075761497,1.63489604,6.308078766,5.839085579,0.020240009,0.055660024,0.047137916,Backstroke
1764075761597,4.450051785,2.944966555,7.660023689,0.044075284,-0.211055353,0.06644582,Backstroke
1764075761697,3.359523058,6.570092678,7.082156658,0.044075284,-0.211055353,0.06644582,Backstroke
1764075761797,3.282952785,5.959324837,7.490133286,-0.03968107,0.08735162,0.10426268,Backstroke
1764075761897,3.405584812,5.8983078,7.326224804,-0.03968107,0.08735162,0.10426268,Backstroke
1764075761997,2.834896564,5.695516109,7.727620602,-0.002530001,-0.018375797,0.031558435,Backstroke
1764075762097,2.185245275,5.669793129,6.669992924,-0.002530001,-0.018375797,0.031558435,Backstroke
1764075762197,5.921638012,4.908277512,6.934998035,0.021172116,-0.148870587,0.014913691,Backstroke
1764075762297,3.248256683,9.613164902,5.69252491,0.021172116,-0.148870587,0.014913691,Backstroke
1764075762397,4.314857483,5.700301647,6.568896294,-0.029028434,0.056325816,0.045806337,Backstroke
1764075762497,3.312264681,5.605186939,7.521838188,-0.029028434,0.056325816,0.045806337,Backstroke
1764075762597,3.198007345,5.743970871,7.397411346,0.008788425,0.025832644,0.063383184,Backstroke
1764075762697,2.78883481,5.800201893,7.42612505,0.008788425,0.025832644,0.063383184,Backstroke
1764075762797,3.275176048,5.633302689,7.412964344,0.003595265,-0.013582111,-0.011451584,Backstroke
1764075762897,3.390629768,5.557928562,7.229913712,0.003595265,-0.013582111,-0.011451584,Backstroke
1764075762997,3.256631613,5.623731613,7.351947784,-0.002530001,-0.032091066,0.020106852,Backstroke
1764075763097,2.37248373,5.302495003,7.55593586,-0.002530001,-0.032091066,0.020106852,Backstroke
1764075763197,4.05224514,5.927619934,6.933801651,0.007456846,-0.116646372,0.00785632,Backstroke
1764075763297,2.478964329,5.667998791,7.780860901,0.007456846,-0.116646372,0.00785632,Backstroke
1764075763397,4.361517429,5.583053589,6.997809887,-0.01624527,0.014913691,-0.002130527,Backstroke
1764075763497,3.684946775,5.489135265,7.163512707,-0.01624527,0.014913691,-0.002130527,Backstroke
1764075763597,3.547957659,5.44785881,8.059624672,0.005592634,0.026897907,-0.001464737,Backstroke
1764075763697,4.863411903,5.720042706,7.130013466,0.005592634,0.026897907,-0.001464737,Backstroke
1764075763797,3.780061483,5.60279417,7.324429989,0.008788425,-0.133690581,-0.012916322,Backstroke
1764075763897,3.39960289,5.571687698,6.881159782,0.008788425,-0.133690581,-0.012916322,Backstroke
1764075763997,3.392424345,5.859424591,7.326822758,0.002530001,0.003595265,-0.050200548,Backstroke
1764075764097,3.903890133,5.47298336,6.963712215,0.002530001,0.003595265,-0.050200548,Backstroke
1764075764197,3.438486099,5.546562672,6.99063158,-0.024101591,-0.011984216,0.043409493,Backstroke
1764075764297,3.568296671,5.836094379,7.472784996,-0.024101591,-0.011984216,0.043409493,Backstroke
1764075764397,5.060221672,5.691328526,6.599404812,0.004261055,-0.160055861,0.029561065,Backstroke
1764075764497,3.161516905,5.851647854,7.349554539,0.004261055,-0.160055861,0.029561065,Backstroke
1764075764597,3.714258909,5.368297577,7.058228493,-0.046738442,0.015712639,-0.005326318,Backstroke
1764075764697,3.70050025,5.649454117,7.138388157,-0.046738442,0.015712639,-0.005326318,Backstroke
1764075764797,3.59641242,5.708078384,7.192226887,-0.002663159,-0.029161593,-0.02862896,Backstroke
1764075764897,4.57806778,5.372485161,7.13061142,-0.002663159,-0.029161593,-0.02862896,Backstroke
1764075764997,3.478565931,5.631507874,7.300501823,0.001464737,0.043276336,0.043942124,Backstroke
1764075765097,3.750151396,6.212964058,7.145566463,0.001464737,0.043276336,0.043942124,Backstroke
1764075765197,6.309873104,5.54058075,6.7704916,0.042211071,-0.351670146,0.064315289,Backstroke
1764075765297,3.506681681,5.723631859,6.9619174,0.042211071,-0.351670146,0.064315289,Backstroke
1764075765397,3.506681681,5.723631859,6.9619174,0.042211071,-0.351670146,0.064315289,Backstroke
1764075765497,4.183252335,5.78584528,6.975078106,0.008122635,0.107724786,0.000133158,Backstroke
1764075765597,3.924827337,5.431707382,7.046862602,0.008122635,0.107724786,0.000133158,Backstroke
1764075765697,4.202394962,6.005984783,6.95114994,0.023968432,-0.205329567,-0.019707378,Backstroke
1764075765797,6.208776474,5.355136871,6.366703033,0.023968432,-0.205329567,-0.019707378,Backstroke
1764075765897,4.049253941,5.589633465,7.472784996,-0.061652131,0.066978455,0.05286371,Backstroke
1764075765997,3.613760471,5.613562107,7.329215527,-0.061652131,0.066978455,0.05286371,Backstroke
1764075766097,4.427320004,5.651846886,6.960721016,-0.061652131,0.066978455,0.05286371,Backstroke
1764075766197,4.030111313,5.379065514,7.06600523,-0.003195791,0.038349491,-0.013848428,Backstroke
1764075766297,2.018944025,5.670989513,5.289334297,-0.003195791,0.038349491,-0.013848428,Backstroke
1764075766397,6.625127792,5.560919762,6.979863644,0.051532127,-0.329299629,0.050200548,Backstroke
1764075766497,2.871387243,4.785047054,7.535596848,0.051532127,-0.329299629,0.050200548,Backstroke
1764075766597,4.676771641,5.895915031,6.884150982,-0.043010019,0.402137011,-0.064182132,Backstroke
1764075766697,3.685544968,5.474778175,7.056434155,-0.043010019,0.402137011,-0.064182132,Backstroke
1764075766797,4.159324169,5.493920803,6.984649181,0.022636853,0.01105211,-0.015046849,Backstroke
1764075766897,4.121038914,5.78584528,6.716653347,0.022636853,0.01105211,-0.015046849,Backstroke
1764075766997,4.374678135,5.690132141,6.88893652,-0.02543317,-0.085221089,0.001198422,Backstroke
1764075767097,4.216751575,5.599205017,6.93679285,-0.02543317,-0.085221089,0.001198422,Backstroke
1764075767197,3.656831264,5.742774487,7.515855789,0.015845796,0.058190025,0.037683703,Backstroke
1764075767297,4.221537113,5.733202934,6.865008354,0.015845796,0.058190025,0.037683703,Backstroke
1764075767397,4.508676052,5.383851051,6.975078106,-0.035686333,-0.065380558,0.007456846,Backstroke
1764075767497,4.326821327,5.288137913,6.87457943,-0.035686333,-0.065380558,0.007456846,Backstroke
1764075767597,3.695116282,5.379065514,7.204789162,-0.001731053,-0.00452737,-0.015180007,Backstroke
1764075767697,4.609772682,5.608776093,7.334001541,-0.001731053,-0.00452737,-0.015180007,Backstroke
1764075767797,3.527020693,5.446064472,7.133004189,-0.00785632,0.005459476,0,Backstroke
1764075767898,4.317250252,5.474778175,7.252645493,-0.00785632,0.005459476,0,Backstroke
1764075767997,3.972683907,5.632704735,6.965506554,0.006125266,0.007456846,-0.001731053,Backstroke
1764075768097,5.069194794,5.431707382,7.06600523,0.006125266,0.007456846,-0.001731053,Backstroke
1764075768197,3.211168051,6.178267956,7.290930748,0.025300011,-0.056059498,0.004261055,Backstroke
1764075768297,3.900899172,5.675775528,6.750152588,0.025300011,-0.056059498,0.004261055,Backstroke
1764075768397,4.288536549,5.484349728,6.994220734,-0.028229486,-0.02543317,-0.029028434,Backstroke
1764075768497,4.144967079,5.196612358,6.821937561,-0.028229486,-0.02543317,-0.029028434,Backstroke
1764075768597,4.226323128,5.9485569,7.377072334,0.02543317,-0.005060002,0.007323687,Backstroke
1764075768697,4.532604218,5.718846321,6.941578388,0.02543317,-0.005060002,0.007323687,Backstroke
1764075768797,3.709473372,5.163113117,7.319644451,-0.05912213,0.055526868,-0.007456846,Backstroke
1764075768897,4.619344234,5.575276852,6.802794933,-0.05912213,0.055526868,-0.007456846,Backstroke
1764075768997,3.876971006,5.364708424,7.070790768,0.00452737,-0.043143179,-0.004660529,Backstroke
1764075769097,3.934398651,5.340780258,7.233502865,0.00452737,-0.043143179,-0.004660529,Backstroke
1764075769197,4.159324169,5.225326538,7.133004189,-0.010652636,-0.039281595,0.017843166,Backstroke
1764075769297,4.240679741,5.460421085,6.984649181,-0.010652636,-0.039281595,0.017843166,Backstroke
1764075769397,3.699902058,5.220541,7.664809227,0.024101591,-0.000932106,-0.024634222,Backstroke
1764075769497,4.278964996,5.350351334,6.975078106,0.024101591,-0.000932106,-0.024634222,Backstroke
1764075769597,4.068396568,5.383851051,6.821937561,-0.033023171,-0.006791056,-0.000266316,Backstroke
1764075769697,4.417748928,5.441278458,6.999006271,-0.033023171,-0.006791056,-0.000266316,Backstroke
1764075769798,3.886542082,5.244469166,7.185646534,0.020106852,0.107325315,0.005992108,Backstroke
1764075769897,4.19282341,5.560919762,7.650452137,0.020106852,0.107325315,0.005992108,Backstroke
1764075769997,4.729413986,5.288137913,6.740581512,-0.025832644,-0.106792681,-0.001864211,Backstroke
1764075770097,3.876971006,5.350351334,6.994220734,-0.025832644,-0.106792681,-0.001864211,Backstroke
1764075770197,4.164109707,5.364708424,7.027719975,-0.001065264,-0.03249054,-0.015845796,Backstroke
1764075770297,4.231108665,5.441278458,7.037291527,-0.001065264,-0.03249054,-0.015845796,Backstroke
1764075770446,4.546961308,5.431707382,7.113861561,-0.00719053,0.012250531,-0.002663159,Backstroke
1764075770517,4.044468403,5.503491879,6.941578388,-0.00719053,0.012250531,-0.002663159,Backstroke
1764075770597,4.255036831,5.412564754,7.032505512,0.003195791,-0.019574219,0.004660529,Backstroke
1764075770697,4.41296339,5.532206059,7.022934437,0.003195791,-0.019574219,0.004660529,Backstroke
1764075770797,4.264608383,5.460421085,7.061219692,0.005326318,-0.019441061,-0.030493172,Backstroke
1764075770898,4.101896286,5.64227581,7.200003147,0.005326318,-0.019441061,-0.030493172,Backstroke
1764075770997,4.097110748,5.565705299,6.984649181,0.014780533,0.032756858,-0.015046849,Backstroke
1764075771102,4.326821327,5.78584528,6.836294174,0.014780533,0.032756858,-0.015046849,Backstroke
1764077197523,4.82034111,6.848856449,5.050052166,-0.017044218,-0.101066887,0.048070021,Backstroke
1764077197619,8.186444283,4.316053867,3.891327858,-0.017044218,-0.101066887,0.048070021,Backstroke
1764077197719,7.338787079,4.612763882,4.240679741,-0.017044218,-0.101066887,0.048070021,Backstroke
1764077197818,7.568498135,4.540979385,4.322035789,-0.064448453,-0.029694224,-0.012250531,Backstroke
1764077197917,6.817151546,3.913461447,4.336392879,-0.072704241,-0.105327941,0.00719053,Backstroke
1764077198025,7.774878979,4.655834675,3.771686792,-0.072704241,-0.105327941,0.00719053,Backstroke
1764077198117,8.842676163,3.54018116,3.867399693,-0.072704241,-0.105327941,0.00719053,Backstroke
1764077198218,8.172087669,4.090530396,3.843471289,-0.060187396,-0.129163221,0.123836897,Backstroke
1764077198318,8.076375008,3.578466177,4.034897327,-0.060187396,-0.129163221,0.123836897,Backstroke
1764077198419,8.109873772,4.363910198,3.867399693,-0.027563697,0.051265813,0.01304948,Backstroke
1764077198517,6.93679285,4.287340164,4.255036831,-0.027563697,0.051265813,0.01304948,Backstroke
1764077198617,7.57806921,4.147958279,4.345963955,0.001065264,0.259258538,-0.126633212,Backstroke
1764077198718,6.979863644,4.330410957,4.331607342,0.001065264,0.259258538,-0.126633212,Backstroke
1764077198816,7.774878979,4.569693089,4.140181541,-0.029561065,-0.017710008,-0.133823738,Backstroke
1764077198916,7.630711555,4.214957237,4.278964996,-0.029561065,-0.017710008,-0.133823738,Backstroke
1764077199016,7.697710514,4.574478626,4.461417675,-0.044474758,-0.078296877,-0.006258424,Backstroke
1764077199117,7.932805061,4.19581461,4.164109707,-0.044474758,-0.078296877,-0.006258424,Backstroke
1764077199216,7.832306862,4.512265205,4.259822369,-0.034088437,-0.008921583,-0.005060002,Backstroke
1764077199321,7.794021606,4.411766529,4.360321045,-0.034088437,-0.008921583,-0.005060002,Backstroke
1764077199417,8.109873772,4.469194412,4.350749969,-0.018642114,-0.01624527,-0.012250531,Backstroke
1764077199516,7.568498135,4.383052826,4.432703972,-0.018642114,-0.01624527,-0.012250531,Backstroke
1764077199617,7.453642368,4.363910198,4.317250252,0.010253162,0.062983714,-0.041412123,Backstroke
1764077199720,7.808378696,4.674977303,3.963112593,0.010253162,0.062983714,-0.041412123,Backstroke
1764077199816,8.258229256,4.612763882,3.55154705,-0.033422645,-0.076698981,-0.038748965,Backstroke
1764077199924,8.119445801,5.19182682,3.292523861,-0.033422645,-0.076698981,-0.038748965,Backstroke
1764077200017,6.783652306,5.048257351,3.762115479,-0.066312663,-0.20706062,0.038482647,Backstroke
1764077200116,7.846663475,4.919044971,3.594617844,-0.066312663,-0.20706062,0.038482647,Backstroke
1764077200218,8.081160545,4.469194412,3.987040758,-0.092677936,-0.245676428,0.148870587,Backstroke
1764077200317,7.832306862,3.942175388,4.336392879,-0.092677936,-0.245676428,0.148870587,Backstroke
1764077200418,7.458428383,3.76510644,3.618546009,-0.329432786,0.044741072,-0.044874232,Backstroke
1764077200517,7.506284714,3.358326674,3.628117323,-0.329432786,0.044741072,-0.044874232,Backstroke
1764077200618,9.239884377,1.974078655,4.250251293,-0.568717599,-0.203731671,0.2872217,Backstroke
1764077200716,7.980661869,1.95015049,4.226323128,-0.568717599,-0.203731671,0.2872217,Backstroke
1764077200816,8.401798248,0.662213683,4.374678135,-0.665523469,0.040480018,0.791224599,Backstroke
1764077200917,8.473583221,-1.191027522,4.700700283,-0.665523469,0.040480018,0.791224599,Backstroke
1764077201017,9.51745224,-2.072184324,5.160121918,-0.735697687,0.305198044,1.280713201,Backstroke
1764077201117,8.564510345,-3.819543123,5.672784328,-0.735697687,0.305198044,1.280713201,Backstroke
1764077201219,6.390631199,-5.021338463,5.289334297,-1.035835743,0.573244989,1.848099232,Backstroke
1764077201317,4.753342152,-6.912864685,5.184050083,-1.035835743,0.573244989,1.848099232,Backstroke
1764077201418,4.753342152,-6.912864685,5.184050083,-1.586443901,0.895354092,2.210821629,Backstroke
1764077201516,1.042074203,-11.68235874,3.833899975,-1.586443901,0.895354092,2.210821629,Backstroke
1764077201617,-0.839880764,-8.665607452,0.668793917,-1.370461702,-0.488956004,2.16754508,Backstroke
1764077201716,-5.297709465,-6.491727829,-1.586441398,-1.370461702,-0.488956004,2.16754508,Backstroke
1764077201816,-4.814359188,-6.472585201,-3.085544825,-0.829440892,0.647680283,1.1974895,Backstroke
1764077201917,-5.469992638,-5.059623718,-4.464408875,-0.829440892,0.647680283,1.1974895,Backstroke
1764077202017,-7.328019142,-4.724628448,-5.14456892,-1.133839965,0.166580603,1.334908485,Backstroke
1764077202117,-5.570491314,-3.589832067,-5.886343479,-1.133839965,0.166580603,1.334908485,Backstroke
1764077202217,-6.375077724,-3.130410194,-9.31525898,-1.521462798,1.003478408,0.663925588,Backstroke
1764077202317,-3.454039574,-3.719044685,-11.07218838,-1.521462798,1.003478408,0.663925588,Backstroke
1764077202417,1.497308731,-6.400800705,-9.425328255,-0.435692817,3.578353643,-1.127182126,Backstroke
1764077202519,4.097110748,-1.99501586,-10.33041382,-0.435692817,3.578353643,-1.127182126,Backstroke
1764077202621,4.240679741,-1.157527924,-6.39900589,0.002130527,2.060086727,-2.009752989,Backstroke
1764077202718,7.377072334,0.499501735,-5.230710506,0.002130527,2.060086727,-2.009752989,Backstroke
1764077202817,9.091529846,0.499501735,-6.217151642,1.788710833,1.994173527,-3.168893099,Backstroke
1764077202918,11.75833035,4.430909157,-5.723631859,1.788710833,1.994173527,-3.168893099,Backstroke
1764077203019,11.08833981,1.351944804,-5.570491314,3.68767643,0.023968432,-2.069807291,Backstroke
1764077203119,9.18245697,3.320041418,-2.879761934,3.68767643,0.023968432,-2.069807291,Backstroke
1764077203217,9.924830437,2.525026083,-2.462812662,3.049849749,1.530384421,-1.380182147,Backstroke
1764077203319,13.09950733,-0.778863788,-3.329612732,3.049849749,1.530384421,-1.380182147,Backstroke
1764077203418,13.09950733,-0.778863788,-3.329612732,1.845968723,1.897634029,-0.646348715,Backstroke
1764077203518,6.160920143,2.48195529,7.621738434,1.845968723,1.897634029,-0.646348715,Backstroke
1764077203617,3.01974225,2.166102648,5.423332691,-0.902944088,2.232259989,1.016527772,Backstroke
1764077203717,12.44806194,-5.323431969,3.90568471,-0.902944088,2.232259989,1.016527772,Backstroke
1764077203817,5.131408215,-6.750152588,5.663212776,-1.486442208,0.326636463,3.122021437,Backstroke
1764077203916,0.376271367,-4.298706055,1.803590059,-1.486442208,0.326636463,3.122021437,Backstroke
1764077204016,-3.209971666,-8.268398285,2.71824646,-1.93385303,1.829856634,2.265682697,Backstroke
1764077204116,-1.926820397,-7.655237675,-2.86480689,-1.93385303,1.829856634,2.265682697,Backstroke
1764077204216,-7.471588612,-6.807580471,-4.842474937,-2.209756374,0.974716246,2.114281893,Backstroke
1764077204316,-0.595214605,-4.863411903,-6.001797199,-2.209756374,0.974716246,2.114281893,Backstroke
1764077204416,-7.902894974,-6.10349226,-7.624729156,-2.045439243,0.45247072,1.775528193,Backstroke
1764077204517,-1.538584948,-4.782055855,-9.387042999,-2.045439243,0.45247072,1.775528193,Backstroke
1764077204617,-1.581655741,-4.987838745,-10.25384331,-1.022519946,2.928676128,-1.056874633,Backstroke
1764077204717,6.256632805,-2.584248543,-10.75633621,-1.022519946,2.928676128,-1.056874633,Backstroke
1764077204816,6.30927515,-2.483749866,-6.518647194,-0.364852786,3.285805702,-1.627323389,Backstroke
1764077204916,8.162516594,-1.473380566,-5.723631859,-0.364852786,3.285805702,-1.627323389,Backstroke
1764077205021,8.162516594,-1.473380566,-5.723631859,1.041295171,2.803507566,-2.404299974,Backstroke
1764077205119,14.79422379,-1.080957651,-3.707678795,1.041295171,2.803507566,-2.404299974,Backstroke
1764077205220,6.879364967,4.517050743,-5.024927616,3.686078548,-0.045406863,-1.560078621,Backstroke
1764077205321,6.879364967,4.517050743,-5.024927616,3.686078548,-0.045406863,-1.560078621,Backstroke
1764077205419,8.914461136,4.856831551,-3.71724987,3.830688,-0.629304469,-1.531050205,Backstroke
1764077205525,9.550951958,1.643869162,-7.237092018,3.830688,-0.629304469,-1.531050205,Backstroke
1764077205617,12.43370438,-0.563509762,-3.114258766,2.489121675,1.789509773,-0.737428784,Backstroke
1764077205720,7.673782349,0.643071115,-1.529013634,2.489121675,1.789509773,-0.737428784,Backstroke
1764077205817,12.78305721,-0.477368116,-1.351944804,1.299088955,2.059021473,-0.247407481,Backstroke
1764077205918,7.932805061,1.385444283,2.383251429,1.299088955,2.059021473,-0.247407481,Backstroke
1764077206018,11.44726372,-2.852244616,3.876971006,0.03249054,0.800545633,1.702024937,Backstroke
1764077206120,8.301300049,-3.513261795,2.751745939,0.03249054,0.800545633,1.702024937,Backstroke
1764077206219,2.933600664,-6.300302029,3.647259951,-1.085104227,1.378451109,2.374472618,Backstroke
1764077206321,5.528616905,-9.263813019,3.259024382,-1.085104227,1.378451109,2.374472618,Backstroke
1764077206420,5.528616905,-9.263813019,3.259024382,-1.085104227,1.378451109,2.374472618,Backstroke
1764077206525,0.66400826,-7.061219692,0.007776673,-1.383378029,1.46780014,2.998051405,Backstroke
1764077206622,-4.210769653,-7.932805061,0.089132644,-1.383378029,1.46780014,2.998051405,Backstroke
1764077206721,-0.198006079,-6.726224422,-5.675775528,-2.060619354,2.74771452,2.279664278,Backstroke
1764077206824,-0.198006079,-6.726224422,-5.675775528,-2.060619354,2.74771452,2.279664278,Backstroke
1764077206921,-9.583254814,-6.050850391,-9.501898766,-1.829989791,0.520647585,1.110270977,Backstroke
1764077207021,-1.366301775,-3.728615999,-9.645467758,-1.829989791,0.520647585,1.110270977,Backstroke
1764077207119,1.679163337,-5.184648514,-11.5896368,-0.96592778,2.203897238,-0.66592294,Backstroke
1764077207219,5.902495384,-0.66400826,-9.94696331,-0.96592778,2.203897238,-0.66592294,Backstroke
1764077207320,7.25743103,-2.775674343,-6.370292187,0.247407481,3.999532223,-1.79709971,Backstroke
1764077207417,7.25743103,-2.775674343,-6.370292187,0.247407481,3.999532223,-1.79709971,Backstroke
1764077207524,7.975875854,4.29691124,-3.238685369,0.938630402,2.567152262,-2.411091089,Backstroke
1764077207625,10.18804073,1.835294962,-3.745963812,0.938630402,2.567152262,-2.411091089,Backstroke
1764077207717,10.89212894,3.367897987,-5.9485569,3.346126318,-0.071106344,-1.5452981,Backstroke
1764077207817,9.589237213,4.517050743,-5.661418438,3.346126318,-0.071106344,-1.5452981,Backstroke
1764077207916,5.955137253,1.715653777,-4.631906509,3.528019905,-0.169909552,-1.789909244,Backstroke
1764077208016,11.95992565,3.156731367,-2.659024239,3.528019905,-0.169909552,-1.789909244,Backstroke
1764077208116,11.17926693,2.644667149,-4.938187599,1.992043018,1.459277987,-1.201750517,Backstroke
1764077208217,10.57089233,1.476371527,-1.222732425,1.992043018,1.459277987,-1.201750517,Backstroke
1764077208317,7.625925541,1.217946768,0.917647481,0.978710949,2.529202223,0.092544779,Backstroke
1764077208416,7.372286797,1.715653777,2.219941139,0.978710949,2.529202223,0.092544779,Backstroke
1764077208517,8.55493927,-0.678365231,4.250251293,0.353534371,1.056608319,1.116263151,Backstroke
1764077208617,12.66341591,-5.304289818,3.091526747,0.353534371,1.056608319,1.116263151,Backstroke
1764077208719,6.678368092,-5.916851997,3.599403381,-0.716922402,-0.293346971,3.405248404,Backstroke
1764077208817,2.234298229,-5.395216942,1.478166223,-0.716922402,-0.293346971,3.405248404,Backstroke
1764077208918,0.850648463,-7.329813957,0.936790049,-0.760198772,1.68045342,2.624410152,Backstroke
1764077209019,-2.233101845,-8.157731056,-0.351146728,-0.760198772,1.68045342,2.624410152,Backstroke
1764077209118,-5.087141037,-7.664809227,-0.413360119,-0.889628291,1.545164943,2.194709301,Backstroke
1764077209217,-3.746562004,-7.736593723,-4.009772778,-0.889628291,1.545164943,2.194709301,Backstroke
1764077209318,-3.616751432,-7.621738434,-4.708476543,-1.82879138,0.863928795,1.766073942,Backstroke
1764077209416,-6.2841506,-4.858626366,-8.596813202,-1.82879138,0.863928795,1.766073942,Backstroke
1764077209518,-3.257827997,-4.42313242,-7.782655716,-1.888579249,1.494298577,0.181494296,Backstroke
1764077209618,2.176870346,-4.48534584,-10.53619671,-1.888579249,1.494298577,0.181494296,Backstroke
1764077209717,2.210369825,-6.42472887,-10.34477043,-0.774047196,3.054776669,-1.133706808,Backstroke
1764077209818,4.427320004,-0.051445685,-8.52981472,-0.774047196,3.054776669,-1.133706808,Backstroke
1764077209918,10.43210888,-3.963112593,-3.343969584,0.547678649,3.657316446,-1.787645578,Backstroke
1764077210017,8.028517723,2.620738983,-3.521038532,0.547678649,3.657316446,-1.787645578,Backstroke
1764077210119,10.92562866,3.76510644,-2.343171597,1.752225518,1.557948112,-2.700576544,Backstroke
1764077210218,10.06839943,4.109673023,-5.489135265,1.752225518,1.557948112,-2.700576544,Backstroke
1764077210317,11.60997581,2.764308453,-3.463610888,3.697263718,-0.490687072,-1.504551768,Backstroke
1764077210416,6.299703598,5.19182682,-4.349553585,3.697263718,-0.490687072,-1.504551768,Backstroke
1764077210519,9.038887978,4.445266247,-3.564109325,3.309241533,1.435043335,-1.650892377,Backstroke
1764077210619,9.819545746,3.516252756,-1.213161111,3.309241533,1.435043335,-1.650892377,Backstroke
1764077210718,11.12662506,1.686939955,-2.103889227,1.904824495,1.839044571,-0.098536886,Backstroke
1764077210817,13.43928814,1.179661512,-0.437288344,1.904824495,1.839044571,-0.098536886,Backstroke
1764077210918,8.263014793,3.736392498,0.002991028,0.47470811,1.277384281,0.1615206,Backstroke
1764077211019,3.934398651,-0.396012157,5.370690346,0.47470811,1.277384281,0.1615206,Backstroke
1764077211118,10.57089233,-5.715855122,2.727817774,-1.01945734,1.14968574,1.852626681,Backstroke
1764077211218,13.66899967,-5.715855122,-0.695713162,-1.01945734,1.14968574,1.852626681,Backstroke
1764077211319,0.4869394,-2.177468538,2.071586132,-0.729439259,0.09507478,2.945853472,Backstroke
1764077211417,0.496510684,-8.388039589,1.094716311,-0.729439259,0.09507478,2.945853472,Backstroke
1764077211517,-2.784049034,-6.707081795,-2.280958176,-1.721466064,1.393364787,3.344395161,Backstroke
1764077211618,-4.148556232,-4.346562386,-3.832105398,-1.721466064,1.393364787,3.344395161,Backstroke
1764077211717,-7.069594383,-5.907280922,-3.640679598,-1.923333526,1.88112247,2.486192226,Backstroke
1764077211816,-7.031309128,-7.171289444,-7.371089935,-1.923333526,1.88112247,2.486192226,Backstroke
1764077211919,-6.762714863,-4.863411903,-8.026723862,-1.468066454,1.158474207,0.330631196,Backstroke
1764077212019,-1.146162033,-4.020540237,-10.32562828,-1.468066454,1.158474207,0.330631196,Backstroke
1764077212117,-1.160519004,-2.885744095,-10.0331049,-1.078845739,2.439054251,-0.525707603,Backstroke
1764077212219,3.953541279,-2.794816732,-9.6693964,-1.078845739,2.439054251,-0.525707603,Backstroke
1764077212318,4.748556614,-4.303491592,-9.329615593,-0.515054941,2.244510412,-0.901079893,Backstroke
1764077212417,6.337988853,0.18843478,-9.190832138,-0.515054941,2.244510412,-0.901079893,Backstroke
1764077212518,7.511070251,-0.999601662,-3.889533281,1.064997315,3.132940292,-2.25196743,Backstroke
1764077212619,11.78225899,3.870390654,-4.646263599,1.064997315,3.132940292,-2.25196743,Backstroke
1764077212718,6.352345943,5.761917114,-4.124628067,2.803907156,1.264734268,-2.826011181,Backstroke
1764077212818,11.05005455,6.360720634,-2.985046148,2.803907156,1.264734268,-2.826011181,Backstroke
1764077212919,7.334001541,4.013959885,-8.845666885,3.449323654,-0.330764353,-1.405881643,Backstroke
1764077213017,11.53819084,5.594419479,-4.875974178,3.449323654,-0.330764353,-1.405881643,Backstroke
1764077213118,5.327619553,4.622334957,-3.836891174,1.915077686,2.700842857,-0.834101439,Backstroke
1764077213219,7.999804497,4.751547337,-0.432502687,1.915077686,2.700842857,-0.834101439,Backstroke
1764077213318,11.81097221,1.385444283,-0.418145746,0.758867204,1.525856972,0.066712134,Backstroke
1764077213416,10.50867844,0.757926583,-0.097507522,0.758867204,1.525856972,0.066712134,Backstroke
1764077213517,15.89073563,-0.841077149,-0.054436713,1.037966251,0.91852355,1.202149987,Backstroke
1764077213618,5.117051125,5.297709465,-3.099901676,1.037966251,0.91852355,1.202149987,Backstroke
1764077213717,6.495915413,-3.235694408,3.891327858,0.045140546,1.36313796,1.851694465,Backstroke
1764077213819,6.807580471,-4.13120842,4.341178417,0.045140546,1.36313796,1.851694465,Backstroke
1764077213918,6.74536705,-5.801996708,2.660818815,-1.072454214,0.019307904,3.558246851,Backstroke
1764077214017,-0.696311414,-7.631309509,1.28614223,-1.072454214,0.019307904,3.558246851,Backstroke
1764077214117,-2.367099762,-8.885746956,-3.176471949,-1.712544441,1.666738153,3.082073927,Backstroke
1764077214218,-4.493122578,-4.782055855,-3.30089879,-1.712544441,1.666738153,3.082073927,Backstroke
1764077214318,-3.20518589,-6.999006271,-8.257032394,-1.738510251,1.305081129,2.365684271,Backstroke
1764077214416,-11.06800079,-3.948755503,-9.832108498,-1.738510251,1.305081129,2.365684271,Backstroke
1764077214518,-2.496312141,-5.184648514,-7.131807804,-1.226118445,1.719335556,-0.472577572,Backstroke
1764077214616,-0.159720913,-2.187039852,-9.511469841,-1.226118445,1.719335556,-0.472577572,Backstroke
1764077214719,3.211168051,-3.235694408,-8.041080475,-0.61439079,2.517084837,-0.193744823,Backstroke
1764077214818,1.391426325,-5.390431404,-10.35434151,-0.61439079,2.517084837,-0.193744823,Backstroke
1764077214917,5.428118229,-2.785245657,-8.218747139,0.35233596,3.340533733,-1.00134778,Backstroke
1764077215017,11.79183006,-3.340978622,-5.182853699,0.35233596,3.340533733,-1.00134778,Backstroke
1764077215117,2.416152716,1.15094769,-0.767497838,0.903743029,2.568350554,-2.988597155,Backstroke
1764077215217,15.57488251,2.213959217,-5.513063431,0.903743029,2.568350554,-2.988597155,Backstroke
1764077215318,8.24865818,2.740380049,-7.280162811,3.398856878,-0.038349491,-1.960351467,Backstroke
1764077215416,5.34676218,9.82732296,-3.44446826,3.398856878,-0.038349491,-1.960351467,Backstroke
1764077215517,11.77268696,5.651846886,-4.588835716,3.60192275,0.101466365,-2.013614655,Backstroke
1764077215618,9.393025398,4.042674065,-4.287340164,3.60192275,0.101466365,-2.013614655,Backstroke
1764077215717,7.420143127,2.955734253,-7.02652359,2.063815117,2.094974041,-1.317198515,Backstroke
1764077215818,9.101100922,4.545764923,-3.391826153,2.063815117,2.094974041,-1.317198515,Backstroke
1764077215918,8.004590034,3.022733212,-2.932404041,2.063815117,2.094974041,-1.317198515,Backstroke
1764077216018,7.209574699,2.764308453,-0.198006079,0.105860576,2.159555674,-0.36631754,Backstroke
1764077216121,8.157731056,3.032304525,2.971885681,0.105860576,2.159555674,-0.36631754,Backstroke
1764077216217,14.05244923,-0.037088752,1.042074203,-0.779107213,0.808401942,-0.054994237,Backstroke
1764077216316,1.569093466,5.580062389,5.529214859,-0.779107213,0.808401942,-0.054994237,Backstroke
1764077216417,3.87218523,6.848856449,2.181656122,-0.217313781,1.686978102,-0.346343845,Backstroke
1764077216517,21.2973175,-6.649653912,-1.581655741,-0.217313781,1.686978102,-0.346343845,Backstroke
1764077216617,7.310073376,1.194018483,-2.759522676,-0.127698481,-3.064896584,3.333343029,Backstroke
1764077216717,10.87298584,-6.463014126,4.317250252,-0.127698481,-3.064896584,3.333343029,Backstroke
1764077216817,1.190429211,-4.380061626,1.387238979,0.618385553,0.560728133,3.655185938,Backstroke
1764077216916,-2.079961061,-8.311469078,-3.004188776,0.618385553,0.560728133,3.655185938,Backstroke
1764077217019,-4.622334957,-7.176074982,-3.415754318,-1.091895223,1.933320403,3.253714561,Backstroke
1764077217119,-2.213959217,-7.621738434,-4.526622295,-1.091895223,1.933320403,3.253714561,Backstroke
1764077217217,-3.181257725,-5.4622159,-8.716454506,-2.913229704,0.554336548,2.122937202,Backstroke
1764077217318,-4.320839405,-5.624927998,-6.671787739,-2.913229704,0.554336548,2.122937202,Backstroke
1764077217416,-1.337587833,-5.294718266,-9.712467194,-1.287371159,1.929591894,0.31811434,Backstroke
1764077217519,0.783649445,-4.46620369,-9.162117958,-1.287371159,1.929591894,0.31811434,Backstroke
1764077217617,3.915256023,-4.767699242,-7.701299667,0.082957409,2.967025518,0.362722278,Backstroke
1764077217719,5.959922791,-5.538786411,-6.767500877,0.082957409,2.967025518,0.362722278,Backstroke
1764077217819,6.586842537,-4.671986103,-5.670989513,0.248739064,2.421477318,0.024367906,Backstroke
1764077217919,8.291728973,-6.53958416,-5.915057659,0.248739064,2.421477318,0.024367906,Backstroke
1764077218018,7.305287361,-4.399204254,-4.564907551,-0.322375417,1.031574726,-0.777642429,Backstroke
1764077218117,10.60917759,-0.884147942,-0.504287362,-0.322375417,1.031574726,-0.777642429,Backstroke
1764077218219,8.04287529,3.017947674,-0.949950576,0.858202994,3.043857813,-2.555966854,Backstroke
1764077218319,11.21276665,4.708476543,0.592223585,0.858202994,3.043857813,-2.555966854,Backstroke
1764077218416,4.590032101,7.423732281,-1.773081541,3.10830617,0.389220715,-1.846235037,Backstroke
1764077218518,6.750152588,11.07697392,-4.196412563,3.10830617,0.389220715,-1.846235037,Backstroke
1764077218618,10.90648556,7.849654675,-6.298507214,4.247871876,0.420113355,-1.670732856,Backstroke
1764077218718,11.56690502,0.867996395,-8.300103188,4.247871876,0.420113355,-1.670732856,Backstroke
1764077218819,0.189631194,4.684548378,-11.64227867,3.167827845,1.110270977,-1.594433308,Backstroke
1764077218918,2.938386202,6.235695839,-1.912463546,3.167827845,1.110270977,-1.594433308,Backstroke
1764077219018,10.47039413,5.709274769,-3.152543783,0.945554614,3.66091156,-1.077913642,Backstroke
1764077219118,6.069993019,2.252244234,-2.285743713,0.945554614,3.66091156,-1.077913642,Backstroke
1764077219218,14.29651737,0.513858676,3.225524902,0.01238369,1.81520927,0.557266057,Backstroke
1764077219318,4.738985062,1.859223247,2.842673302,0.01238369,1.81520927,0.557266057,Backstroke
1764077219417,7.956733704,0.111864455,3.809971809,-0.681502402,1.056741476,0.483896017,Backstroke
1764077219519,8.100302696,0.37986058,3.838685751,-0.681502402,1.056741476,0.483896017,Backstroke
1764077219618,8.852247238,0.221934304,2.799602509,-1.08377254,-0.593085527,-0.067511082,Backstroke
1764077219718,9.503094673,0.346361071,3.762115479,-1.08377254,-0.593085527,-0.067511082,Backstroke
1764077219819,8.066802979,1.524227977,4.930410862,-0.667387664,0.507065475,-0.533963382,Backstroke
1764077219919,6.855436802,1.887937069,4.916054249,-0.667387664,0.507065475,-0.533963382,Backstroke
1764077220020,6.965506554,2.836092949,5.873781204,-0.259524852,0.828908265,-0.850346684,Backstroke
1764077220119,7.789236069,3.774677753,5.916851997,-0.259524852,0.828908265,-0.850346684,Backstroke
1764077220218,8.066802979,5.048257351,5.868995667,0.136087433,-0.120507948,-0.741556644,Backstroke
1764077220318,8.73200798,5.800201893,4.638486862,0.136087433,-0.120507948,-0.741556644,Backstroke
1764077220416,7.582854748,7.346563816,3.503690481,0.47923547,-0.347675413,-1.017859459,Backstroke
1764077220519,4.997410297,6.633502483,4.135395527,0.47923547,-0.347675413,-1.017859459,Backstroke
1764077220619,1.77009058,6.034698486,4.523631096,0.201467991,0.829440892,-1.631584406,Backstroke
1764077220718,-0.878165901,6.657430649,4.255036831,0.201467991,0.829440892,-1.631584406,Backstroke
1764077220819,-0.42771706,7.159923553,3.048455954,0.729838729,0.782036662,-1.339702129,Backstroke
1764077220917,1.741376638,9.544969559,-0.42771706,0.729838729,0.782036662,-1.339702129,Backstroke
1764077221019,5.294120312,12.19741344,4.288536549,1.349023223,-2.824679613,1.19336164,Backstroke
1764077221118,4.671986103,9.616754532,-0.092721879,1.349023223,-2.824679613,1.19336164,Backstroke
1764077221218,3.618546009,9.123234749,-1.629512191,0.698946118,1.207609534,-0.115181632,Backstroke
1764077221319,2.018944025,11.85763264,-0.954736233,0.698946118,1.207609534,-0.115181632,Backstroke
1764077221416,-0.245862529,11.29232788,0.002991028,0.041412123,0.057524238,-1.333443761,Backstroke
1764077221519,-1.840678811,11.30189991,-1.021735311,0.041412123,0.057524238,-1.333443761,Backstroke
1764077221618,0.52043891,6.633502483,2.598605394,-1.810016036,-2.043708324,-1.448891759,Backstroke
1764077221717,-2.271386862,8.759525299,2.861815929,-1.810016036,-2.043708324,-1.448891759,Backstroke
1764077221819,-3.971487284,7.145566463,7.803592682,-1.212536335,-2.08219099,-1.364336371,Backstroke
1764077221917,-3.86620307,9.779465675,4.648057938,-1.212536335,-2.08219099,-1.364336371,Backstroke
1764077222019,7.702496052,0.973280609,7.612166882,-1.725460768,-3.443997383,-0.675776601,Backstroke
1764077222119,10.44646549,1.710868239,3.05324173,-1.725460768,-3.443997383,-0.675776601,Backstroke
1764077222218,6.232704639,4.794618607,5.78285408,-1.562475443,-2.89485383,-0.256462216,Backstroke
1764077222319,10.3028965,2.67338109,2.368894339,-1.562475443,-2.89485383,-0.256462216,Backstroke
1764077222416,7.281359196,1.667797327,4.537988186,-1.761280298,-1.147422075,-0.172306389,Backstroke
1764077222519,7.57806921,-2.498106956,2.29651165,-1.761280298,-1.147422075,-0.172306389,Backstroke
1764077222618,14.76072502,-7.180860519,-2.773879766,-3.081940889,-3.159971476,2.340117931,Backstroke
1764077222717,9.824331284,-7.085147858,-1.442872047,-3.081940889,-3.159971476,2.340117931,Backstroke
1764077222817,1.727019787,-7.746165276,-3.233899832,2.302966833,-5.134970188,3.138266802,Backstroke
1764077222918,3.666402578,-13.72702503,-3.990629911,2.302966833,-5.134970188,3.138266802,Backstroke
1764077223018,-4.268197536,-7.755736351,0.75972116,1.153014779,1.355947495,1.96767509,Backstroke
1764077223118,-4.847858906,-7.846663475,-1.337587833,1.153014779,1.355947495,1.96767509,Backstroke
1764077223218,-3.372683525,-6.577869415,-0.064008005,0.700011373,2.422143221,0.881239355,Backstroke
1764077223317,-7.34716177,-5.088337421,-2.247458696,0.700011373,2.422143221,0.881239355,Backstroke
1764077223416,-7.902894974,-2.976671457,-4.445266247,-0.690823495,2.338253736,1.108007312,Backstroke
1764077223517,-4.737190723,-5.644070625,-6.714858532,-0.690823495,2.338253736,1.108007312,Backstroke
1764077223618,-3.559323788,-3.819543123,-9.6693964,-1.172056317,4.203130722,0.592952371,Backstroke
