timestamp,accel_x,accel_y,accel_z,gyro_x,gyro_y,gyro_z,label
1763971365523,0.836291492,7.753942013,6.251847267,-0.002796317,-0.102931097,-0.015845796,Freestyle
1763971365667,1.38185513,7.672585964,6.194419384,-0.002796317,-0.102931097,-0.015845796,Freestyle
1763971365870,1.602592945,7.505088329,6.050850391,-0.015579481,-0.023568958,-0.007323687,Freestyle
1763971366066,1.894517303,7.495516777,6.089135647,0.002796317,-0.043942124,0.002663159,Freestyle
1763971366268,1.971087694,7.346563816,5.955137253,0.027830012,-0.013981585,0.00585895,Freestyle
1763971366371,0.95114702,7.68215704,6.180062771,-0.016511586,0.019707378,0.042610545,Freestyle
1763971366535,2.071586132,7.418946743,6.122634888,-0.038748965,-0.272041708,-0.009986847,Freestyle
1763971366668,1.813161373,7.782655716,5.825924873,-0.038748965,-0.272041708,-0.009986847,Freestyle
1763971366849,3.129812002,8.017151833,5.854638577,0.056192659,-0.061119501,0.045806337,Freestyle
1763971366968,1.607378602,7.447660446,6.050850391,0.070573717,0.232094318,-0.101599522,Freestyle
1763971367142,1.884945989,7.653443336,5.845067501,0.063383184,-0.047670547,0.01624527,Freestyle
1763971367269,1.918445587,7.600800991,5.739783287,0.063383184,-0.047670547,0.01624527,Freestyle
1763971367404,2.100300074,7.624729156,5.720640659,-0.077631086,-0.070440561,0.111852683,Freestyle
1763971367544,2.967100143,7.366304398,5.897709846,0.029028434,-0.050333709,0.256861687,Freestyle
1763971367704,3.924827337,7.226922512,5.538786411,0.029028434,-0.050333709,0.256861687,Freestyle
1763971367903,3.666402578,7.174280643,6.563512325,0.099868469,0.507464945,0.205729038,Freestyle
1763971368109,2.665604353,6.235695839,5.303691387,0.033822119,-0.110920578,0.073503189,Freestyle
1763971368309,3.637688637,7.068996429,5.663212776,0.000266316,-0.32184279,0.103463732,Freestyle
1763971368509,3.306880951,7.576872826,6.218348026,-0.027297381,0.169909552,0.287754327,Freestyle
1763971368709,2.603390932,5.747560024,5.308476925,-0.027430538,0.506399691,0.356730163,Freestyle
1763971368908,0.601794899,6.29790926,6.678368092,-0.417716503,0.865793049,-0.045273706,Freestyle
1763971369109,4.274179459,6.824928284,9.714262009,-0.35646385,-0.27816698,0.06644582,Freestyle
1763971369311,2.799602509,1.926222205,12.1034956,-0.696149766,0.549542904,0.108656891,Freestyle
1763971369509,1.104287624,4.804189682,6.692724705,-0.602672935,0.194810092,0.189883247,Freestyle
1763971369710,1.353141189,3.070589542,8.162516594,-0.41372177,-0.011984216,0.061252661,Freestyle
1763971369910,-0.054436713,3.434896946,9.579665184,-0.300138026,-0.023036325,0.09108004,Freestyle
1763971370113,0.194416836,1.926222205,9.555737495,-0.425972313,0.214384302,-0.649544477,Freestyle
1763971370313,-1.308874011,3.602394581,9.105886459,-0.186154827,0.295344353,-1.322125316,Freestyle
1763971370506,-6.585646152,6.327221394,5.964708805,1.565005422,1.06273365,-2.88579917,Freestyle
1763971370705,-0.059222359,5.532206059,6.45284462,2.244510412,-1.011600971,-4.442016125,Freestyle
1763971370905,-2.486740828,0.169292197,9.177671432,-0.458729148,-0.643419266,-1.952894568,Freestyle
1763971371105,-1.643869162,-8.344968796,4.82034111,-3.505516291,-1.322125316,0.211321682,Freestyle
1763971371307,-3.463610888,-4.00139761,7.779664516,-2.096438885,-2.493116379,3.896334887,Freestyle
1763971371505,-0.226719946,3.573680639,8.497511864,0.665123999,-2.609762669,5.250018597,Freestyle
1763971371708,2.038086653,6.216553211,7.865806103,1.201084733,-2.264883757,1.469531178,Freestyle
1763971371907,6.203990936,5.091328144,8.79960537,-0.106792681,-1.999100327,0.305996984,Freestyle
1763971372104,-5.891727448,8.749954224,7.467999458,0.072571084,1.551556468,-1.920803547,Freestyle
1763971372303,-3.856631994,12.89193058,-1.965105653,3.902193785,0.460992843,-3.391533136,Freestyle
1763971372510,-7.931608677,11.40239811,-0.303290278,3.398324251,-2.309890985,-3.05637455,Freestyle
1763971372713,-2.649452925,-0.137587309,6.683153629,-1.094824672,-2.898449183,-1.978993535,Freestyle
1763971372913,-2.688336134,-8.062017441,4.427918434,-3.707516909,-2.936931849,0.494548649,Freestyle
1763971373109,-3.947559118,-1.77009058,8.904889107,-1.845302939,-2.940660238,4.872249603,Freestyle
1763971373307,-3.559323788,2.309672117,6.481558323,0.65806663,-2.326003075,5.181575298,Freestyle
1763971373410,3.153740168,5.795416355,9.527023315,0.706003487,-2.702041149,1.025582552,Freestyle
1763971373606,3.695116282,4.703691006,9.110671997,0.706003487,-2.702041149,1.025582552,Freestyle
1763971373809,3.738187075,3.291327477,9.776474953,-0.042610545,-0.706669271,-0.322508574,Freestyle
1763971374011,-9.444471359,10.98126125,4.097110748,0.403601766,1.178581119,-2.094441414,Freestyle
1763971374211,-7.476374149,15.69332695,0.544367135,4.28888464,0.00066579,-2.894321203,Freestyle
1763971374412,-4.603192329,6.015556335,7.070790768,2.396177292,-3.753988981,-2.79884696,Freestyle
1763971374608,-0.57128638,-3.336193085,5.356333256,-2.19430995,-2.491518497,-1.515870214,Freestyle
1763971374810,-2.032104731,-6.458228111,5.198407173,-3.758782864,-2.297374249,1.641837597,Freestyle
1763971375009,-7.457231998,-0.975673437,6.783652306,-1.638774991,-1.462340713,4.177697659,Freestyle
1763971375209,-0.126221389,5.33599472,9.110671997,0.486692339,-2.734664917,4.891690731,Freestyle
1763971375411,3.263810158,4.856831551,9.31166935,1.071122646,-2.356629372,1.368863821,Freestyle
1763971375611,2.593819857,4.952544689,6.314060688,0.093743198,-1.347425342,-0.327035934,Freestyle
1763971375814,-9.736394882,11.69970608,0.941575706,0.994157314,1.933986187,-2.469680548,Freestyle
1763971376007,-5.632704735,13.7108736,0.055633128,5.377051353,-0.61851871,-2.850645542,Freestyle
1763971376209,-8.582456589,3.626322746,2.498106956,1.254214764,-3.301385164,-2.5078969,Freestyle
1763971376406,-3.516252756,-3.786043644,4.413561344,-2.042376757,-2.114415169,-1.633581758,Freestyle
1763971376612,-1.232303619,-4.604987144,4.355535507,-4.163449764,-3.431480408,2.108822584,Freestyle
1763971376815,0.601794899,1.490728498,6.56829834,-0.967259407,-2.451304913,5.912080288,Freestyle
1763971377011,-0.576072037,6.020341873,9.273384094,1.067793608,-2.579668999,2.667553425,Freestyle
1763971377212,5.950351715,6.442076683,8.559724808,0.404400706,-1.867140889,0.548743904,Freestyle
1763971377412,-4.838287354,6.930212498,6.908079147,0.172839031,-0.264718026,-1.282444239,Freestyle
1763971377617,-3.367897987,13.16471195,-3.080759048,2.715889692,1.953427196,-3.279813528,Freestyle
1763971377811,-4.134199142,8.936594009,-2.036890268,5.192760944,-1.270326853,-2.535194397,Freestyle
1763971378013,-6.006583214,-0.185443759,4.379463673,-0.691089809,-3.029343367,-2.258225679,Freestyle
1763971378212,0.43908295,-6.314659119,4.753342152,-2.643584967,-3.005508184,-0.063915819,Freestyle
1763971378411,-4.540979385,-1.506880045,7.865806103,-2.822948694,-2.310823202,4.293012619,Freestyle
1763971378610,-3.004188776,2.24267292,9.378668785,-0.07230477,-2.552504778,4.537623405,Freestyle
1763971378753,2.938386202,3.544966698,8.310871124,0.812396705,-1.816807151,1.361007452,Freestyle
1763971378885,3.474378586,4.330410957,9.742975235,0.518117607,-1.083239913,0.048735812,Freestyle
1763971378991,3.125026464,2.91266346,9.886545181,0.518117607,-1.083239913,0.048735812,Freestyle
1763971379191,-7.021738052,7.773084164,6.592226505,0.968191504,1.470463276,-2.355164766,Freestyle
1763971379366,-2.702693224,14.04108334,-3.449253798,4.734830379,-0.132625327,-2.22933054,Freestyle
1763971379479,-6.657430649,11.33061314,-0.743569613,2.434793234,-4.361056328,-2.257826328,Freestyle
1763971379592,-1.845464468,8.893523216,1.612164259,2.434793234,-4.361056328,-2.257826328,Freestyle
1763971379794,-4.80957365,0.786640465,4.49970293,-1.963280916,-1.8683393,-1.893772483,Freestyle
1763971379901,-0.044865426,-3.44147706,4.17846632,-3.932154417,-3.435741663,1.269128442,Freestyle
1763971380088,-1.514656782,-8.67039299,4.743771076,-2.108422995,-1.991510391,4.330696106,Freestyle
1763971380193,-6.480361938,-5.347360611,5.945566177,-2.108422995,-1.991510391,4.330696106,Freestyle
1763971380299,3.934398651,1.395015597,4.073182583,0.935434639,-3.359175682,5.512606144,Freestyle
1763971380409,1.109073281,5.833701611,10.08754253,0.935434639,-3.359175682,5.512606144,Freestyle
1763971380520,1.022931695,4.320839405,9.134600639,0.935434639,-3.359175682,5.512606144,Freestyle
1763971380631,2.617748022,4.35912466,7.89930582,0.447543889,-1.52013123,0.305996984,Freestyle
1763971380733,3.330809116,5.484349728,8.684749603,0.447543889,-1.52013123,0.305996984,Freestyle
1763971380835,4.183252335,4.684548378,9.642477036,0.046738442,-0.656735063,-0.229431152,Freestyle
1763971380937,0.716650367,5.570491314,8.636893272,0.046738442,-0.656735063,-0.229431152,Freestyle
1763971381042,-9.894321442,6.341578007,5.581857204,0.435959131,1.368331194,-2.0908463,Freestyle
1763971381147,-8.051250458,11.13440228,0.309870541,0.435959131,1.368331194,-2.0908463,Freestyle
1763971381258,-4.838287354,10.93340492,0.879362345,4.032688618,0.863662481,-2.820551872,Freestyle
1763971381361,-3.875774384,5.522634506,-0.705284476,4.032688618,0.863662481,-2.820551872,Freestyle
1763971381470,-8.577671051,5.081757069,0.58265233,3.776359558,-1.568600655,-2.050632477,Freestyle
1763971381573,-9.296115875,4.770689964,0.405583441,3.776359558,-1.568600655,-2.050632477,Freestyle
1763971381684,-8.692526817,2.462812662,3.306880951,-0.148471117,-0.810665607,-0.691222966,Freestyle
1763971381794,-6.911668301,3.597608805,3.991826296,-0.63995713,-1.786580324,0.900946736,Freestyle
1763971381898,-5.963512421,3.688536167,6.716653347,-0.63995713,-1.786580324,0.900946736,Freestyle
1763971382010,-2.649452925,4.253840446,8.507082939,-0.511326551,-2.128796339,0.639158189,Freestyle
1763971382119,-1.82632184,2.644667149,9.915258408,-0.511326551,-2.128796339,0.639158189,Freestyle
1763971382220,-2.017747641,0.446859628,8.353941917,-0.519715488,-0.915993571,-0.075101085,Freestyle
1763971382330,-2.099103689,1.160519004,7.300501823,-0.519715488,-0.915993571,-0.075101085,Freestyle
1763971382433,-0.509073019,1.873580098,9.00538826,-0.520913899,-0.808668256,-0.653938711,Freestyle
1763971382543,1.57866478,3.027518749,9.503094673,-0.520913899,-0.808668256,-0.653938711,Freestyle
1763971382655,1.310070395,2.625524759,10.27418232,-0.299072772,-1.206810594,-0.247673795,Freestyle
1763971382758,2.565105915,1.380658627,9.105886459,-0.299072772,-1.206810594,-0.247673795,Freestyle
1763971382868,2.511865616,1.418943882,9.00538826,-0.281096429,-0.673646092,-0.410259664,Freestyle
1763971382978,3.383451223,2.419741869,9.077172279,-0.281096429,-0.673646092,-0.410259664,Freestyle
1763971383090,4.408177376,2.840878725,10.87777138,-0.208125889,-0.170974821,-0.480567068,Freestyle
1763971383207,5.773283005,2.357528448,9.637691498,-0.208125889,-0.170974821,-0.480567068,Freestyle
1763971383311,3.867399693,2.438884497,9.671191216,-0.215715885,-0.973251522,-0.508130729,Freestyle
1763971383414,5.088337421,1.844866276,7.727022648,0.249404848,-0.110654257,-0.329699099,Freestyle
1763971383526,5.198407173,1.481157184,7.123433113,0.249404848,-0.110654257,-0.329699099,Freestyle
1763971383637,4.954339504,2.510669231,6.946363926,0.441019148,-0.498676538,-0.596414506,Freestyle
1763971383749,5.399404526,3.750749588,6.975078106,0.441019148,-0.498676538,-0.596414506,Freestyle
1763971383851,4.65762949,3.626322746,6.869793892,0.598278701,-0.367649108,-0.665257156,Freestyle
1763971383960,3.292523861,4.765904427,5.399404526,0.598278701,-0.367649108,-0.665257156,Freestyle
1763971384063,1.91365993,7.097710133,5.255835056,0.846751451,0.425040185,-0.523310781,Freestyle
1763971384172,2.291725874,7.025925636,4.221537113,0.846751451,0.425040185,-0.523310781,Freestyle
1763971384283,4.345963955,8.242077827,4.84905529,0.510793924,0.221441686,-0.326236993,Freestyle
1763971384386,4.365106583,8.917451859,6.45284462,0.510793924,0.221441686,-0.326236993,Freestyle
1763971384495,2.761317253,8.036294937,8.593822479,-0.23489064,0.035020541,-0.196541145,Freestyle
1763971384599,3.690330744,6.757929325,9.637691498,-0.23489064,0.035020541,-0.196541145,Freestyle
1763971384709,3.886542082,2.261815548,11.59561825,-0.986167789,0.388155431,-0.154596388,Freestyle
1763971384833,3.900899172,-5.711069584,11.86899853,-0.986167789,0.388155431,-0.154596388,Freestyle
1763971384941,2.344367981,7.710870743,8.401798248,-1.161270499,0.382163346,0.399207562,Freestyle
1763971385051,1.870589137,4.756333351,8.516654015,-0.370844901,-0.287488014,0.395479113,Freestyle
1763971385163,2.109871387,3.415754318,8.794819832,-0.370844901,-0.287488014,0.395479113,Freestyle
1763971385284,0.463011175,3.683750391,9.416953087,-0.399740189,0.257394314,0.175102711,Freestyle
1763971385387,0.774078131,3.128017426,9.412167549,-0.399740189,0.257394314,0.175102711,Freestyle
1763971385497,-0.485144794,2.300100803,9.73340416,-0.449141771,0.369247019,-0.630502939,Freestyle
1763971385609,-0.614955425,2.280958176,9.206384659,-0.449141771,0.369247019,-0.630502939,Freestyle
1763971385711,-0.121435747,3.156731367,9.058030128,-0.083090566,0.171374291,-1.140364766,Freestyle
1763971385821,-7.112665176,7.395018578,8.310871124,-0.083090566,0.171374291,-1.140364766,Freestyle
1763971385930,-7.941180229,8.60159874,5.624927998,1.037966251,0.614124477,-2.904574394,Freestyle
1763971386033,-3.434896946,9.846465111,6.903293133,1.037966251,0.614124477,-2.904574394,Freestyle
1763971386145,0.084346995,5.163113117,9.239884377,2.98633337,-0.762462437,-4.42071104,Freestyle
1763971386255,-4.900500774,4.67976284,9.268598557,0.201201677,-1.535311222,-2.755703926,Freestyle
1763971386367,-3.128615618,0.245862529,9.867402077,0.201201677,-1.535311222,-2.755703926,Freestyle
1763971386469,-0.973878801,-1.923231244,7.923233986,-2.024666786,-1.325986862,-0.547279179,Freestyle
1763971386578,1.018146038,-7.243672371,6.409773827,-2.024666786,-1.325986862,-0.547279179,Freestyle
1763971386689,-1.442872047,-7.999804497,5.260620594,-3.101914644,-1.803491354,2.204030514,Freestyle
1763971386802,-2.860619545,-6.228517532,6.151348591,-3.101914644,-1.803491354,2.204030514,Freestyle
1763971386912,-3.229114056,-0.587437987,2.364108801,-1.458612204,-1.51107645,4.383426666,Freestyle
1763971387023,-1.92203474,2.831307411,9.628120422,-1.458612204,-1.51107645,4.383426666,Freestyle
1763971387128,-0.418145746,4.560121536,9.388239861,0.909335673,-2.739991188,4.491284847,Freestyle
1763971387237,2.167299032,5.972485542,8.138587952,0.909335673,-2.739991188,4.491284847,Freestyle
1763971387348,2.138585329,4.47397995,9.383454323,1.047553658,-2.204429865,1.128380537,Freestyle
1763971387452,6.237490654,6.120840549,7.564310551,-0.139150068,-1.851161838,0.318780154,Freestyle
1763971387559,5.356333256,3.343969584,9.105886459,-0.139150068,-1.851161838,0.318780154,Freestyle
1763971387670,-5.412564754,6.442076683,6.175277233,0.011318427,1.315467477,-1.424390674,Freestyle
1763971387773,-6.84945488,11.05783176,5.164907455,0.011318427,1.315467477,-1.424390674,Freestyle
1763971387884,-0.183649138,12.33141136,-2.515454769,3.764375448,0.607067108,-3.228947163,Freestyle
1763971387994,-9.042476654,13.60558987,0.649651349,3.764375448,0.607067108,-3.228947163,Freestyle
1763971388098,-7.514659405,8.80738163,1.430309772,3.501521587,-2.450505733,-3.134804487,Freestyle
1763971388209,-7.753942013,4.469194412,3.263810158,3.501521587,-2.450505733,-3.134804487,Freestyle
1763971388318,-4.406980991,0.872782052,5.36111927,-0.499741793,-2.214949369,-1.916675568,Freestyle
1763971388421,-5.714060307,-2.512463808,6.314060688,-0.499741793,-2.214949369,-1.916675568,Freestyle
1763971388530,-1.538584948,-5.988636971,4.408177376,-3.014562845,-2.412156343,-0.489888132,Freestyle
1763971388643,-3.961916208,-8.431110382,4.609772682,-3.014562845,-2.412156343,-0.489888132,Freestyle
1763971388752,-3.947559118,-2.584248543,4.82034111,-3.286205292,-2.729871273,3.283541918,Freestyle
1763971388855,-7.56730175,-4.968696117,1.717448473,-3.286205292,-2.729871273,3.283541918,Freestyle
1763971388966,-0.811166883,5.139184952,11.04526901,-0.632633448,-2.400305271,5.726191521,Freestyle
1763971389070,-3.377469063,6.643074036,10.11625576,-0.632633448,-2.400305271,5.726191521,Freestyle
1763971389177,1.209571838,4.061816216,8.277371407,1.405349016,-2.056624651,1.995638251,Freestyle
1763971389280,2.876172781,6.206982136,8.152944565,0.283360124,-1.653289199,0.554203391,Freestyle
1763971389382,4.484747887,5.843272686,8.157731056,0.283360124,-1.653289199,0.554203391,Freestyle
1763971389493,3.723830223,4.995615482,8.813961983,-0.08921583,-0.778707743,-0.407330185,Freestyle
1763971389603,-3.516252756,8.740383148,5.878567219,-0.08921583,-0.778707743,-0.407330185,Freestyle
1763971389714,-9.913464546,13.11685562,2.263011932,1.435975432,1.686179161,-2.608564377,Freestyle
1763971389825,-5.29292345,16.59781456,-3.511467218,1.435975432,1.686179161,-2.608564377,Freestyle
1763971389928,-5.235496044,14.40957832,-0.08793623,5.079310417,-1.526522756,-3.055442333,Freestyle
1763971390042,-3.171686411,8.73559761,3.699902058,5.079310417,-1.526522756,-3.055442333,Freestyle
1763971390150,-3.119044304,2.979662418,7.616952896,0.008122635,-4.504067898,-2.263685226,Freestyle
1763971390259,-1.572084427,-0.707079113,6.146563053,0.008122635,-4.504067898,-2.263685226,Freestyle
1763971390363,-0.537786901,-5.428716183,5.615356445,-2.864893436,-2.14237833,-1.258342624,Freestyle
1763971390475,-0.198006079,-8.502895355,4.695914268,-2.864893436,-2.14237833,-1.258342624,Freestyle
1763971390584,-3.209971666,-7.444669247,4.326821327,-3.249187231,-2.562491655,2.383660555,Freestyle
1763971390689,-6.083153248,-3.728615999,7.774878979,-3.249187231,-2.562491655,2.383660555,Freestyle
1763971390797,4.551746845,3.841676712,8.401798248,-1.417599559,-1.318530083,5.315133095,Freestyle
1763971390909,-0.020937199,3.822534084,10.06839943,1.567801714,-3.106708288,3.366366148,Freestyle
1763971391011,-0.131007046,5.733202934,9.829116821,1.567801714,-3.106708288,3.366366148,Freestyle
1763971391118,3.105883837,6.293123722,8.085946083,0.681369245,-2.056491375,0.930241466,Freestyle
1763971391415,4.422534466,5.474778175,8.751749039,0.681369245,-2.056491375,0.930241466,Freestyle
1763971391615,-4.737190723,7.840083599,4.97826767,-0.024367906,-0.097205304,-0.818655133,Freestyle
1763971391816,-5.632704735,12.76750374,-2.362314224,1.779522896,2.184589386,-3.363836288,Freestyle
1763971392016,-1.442872047,6.183053493,0.271585375,5.604485035,-0.65726769,-2.644250631,Freestyle
1763971392213,-6.298507214,2.213959217,5.744568825,0.152465865,-3.267829418,-1.829324007,Freestyle
1763971392409,-0.049651071,-5.883352757,4.322035789,-2.280596256,-2.524008989,-1.048885226,Freestyle
1763971392609,-6.083153248,-5.945566177,4.944767952,-3.703921795,-3.012964964,2.351436377,Freestyle
1763971392811,-0.897308469,1.347159147,9.881759644,-1.114931583,-2.274471045,5.533778191,Freestyle
1763971393009,-0.193220422,5.388636589,10.29332447,1.150750995,-2.913895607,2.902843475,Freestyle
1763971393220,1.837089539,5.096114159,8.727820396,0.59215343,-1.627589703,0.673113465,Freestyle
1763971393414,3.924827337,4.856831551,9.215956688,-0.091213197,-0.9881652,-0.090813726,Freestyle
1763971393613,-11.19721317,9.616754532,5.921638012,0.355664909,0.941693068,-1.753024459,Freestyle
1763971393812,-5.810371399,13.5284214,-3.664607763,3.665439129,0.435426503,-2.796050787,Freestyle
1763971394009,-2.980260611,8.304290771,2.445464849,3.163699865,-3.89700079,-2.64265275,Freestyle
1763971394213,-1.931606054,-0.936790049,6.194419384,-1.578188062,-2.557431698,-1.955690861,Freestyle
1763971394413,1.061216831,-9.230313301,4.447061062,-3.465036392,-2.999782324,0.194943249,Freestyle
1763971394616,-5.623133183,-4.901697159,4.801198483,-2.181526661,-1.745035052,3.688741684,Freestyle
1763971394721,-16.11446381,-5.366502762,-1.730010748,-0.312521726,-2.352634668,5.545629501,Freestyle
1763971394852,0.644865692,2.89830637,10.15932655,1.512141705,-2.362355232,2.478602171,Freestyle
1763971395014,0.922433138,5.302495003,10.59482002,1.512141705,-2.362355232,2.478602171,Freestyle
1763971395218,2.014158487,3.329612732,8.766105652,0.195475876,-2.171540022,0.604270816,Freestyle
1763971395416,3.690330744,4.450051785,8.679964066,-0.216647997,0.084288985,-0.193079039,Freestyle
1763971395616,-10.50269699,6.446862221,7.410571575,0.352469116,1.421594381,-2.165414572,Freestyle
1763971395817,-4.062414646,13.35135174,-0.083150588,3.572361708,0.93623358,-2.775810719,Freestyle
1763971396017,-6.633502483,5.148756027,3.134597778,3.534411669,-2.086318731,-2.957704544,Freestyle
1763971396211,-6.805785656,1.476371527,5.519643784,-0.566320777,-1.898299813,-1.628788114,Freestyle
1763971396410,-1.624726534,-8.023732185,4.576273441,-3.093791962,-2.404299974,-0.489754945,Freestyle
1763971396606,-5.718846321,-4.140779495,4.959125042,-3.323089838,-2.724278688,3.42642045,Freestyle
1763971396810,0.640080035,1.040279627,4.782055855,-0.996953607,-2.557964325,5.137899876,Freestyle
1763971397007,-2.592025042,6.125626087,10.11147022,1.404949546,-2.124801397,1.922934055,Freestyle
1763971397211,3.048455954,5.139184952,8.186444283,0.212120622,-2.106292486,0.810931921,Freestyle
1763971397412,4.676771641,3.549752474,9.134600639,0.043143179,-0.759932458,-0.555002332,Freestyle
1763971397611,-6.638288021,11.83370399,3.48933363,1.060736299,2.008954048,-2.684198141,Freestyle
1763971397815,-9.114261627,11.98684502,-0.341575444,5.558012962,-0.555401802,-2.197505713,Freestyle
1763971398014,-5.790630817,4.176671982,2.579462767,1.338503718,-3.820301771,-2.143709898,Freestyle
1763971398218,-9.645467758,-0.769292474,5.102694511,-0.751543522,-1.562741756,-1.19336164,Freestyle
1763971398406,-3.544966698,0.820139945,7.645666599,-0.252733797,-2.214683056,0.886432528,Freestyle
1763971398611,0.352343142,1.993221283,10.16411209,0.025965801,-2.001097679,0.558730781,Freestyle
1763971398809,4.417748928,0.303290278,9.570094109,-0.288819611,-1.633315444,0.132758483,Freestyle
1763971399009,2.047657967,-1.028315544,9.699904442,-0.281495929,0.150867969,0.012783164,Freestyle
1763971399211,1.48295188,0.394217521,8.608179092,-0.038083173,-0.05872266,-0.220110103,Freestyle
1763971399416,3.335594654,2.190030813,10.17846966,0.382695973,-0.470313907,-0.434494406,Freestyle
1763971399614,2.109871387,2.180459738,8.995817184,0.336223841,-0.150867969,-0.429967046,Freestyle
1763971399818,2.004587173,2.692523718,8.880961418,-0.067511082,-0.326902777,-0.360858053,Freestyle
1763971400012,6.007779598,7.639086246,7.593024254,0.495347589,-1.078046799,-0.337555408,Freestyle
1763971400119,5.739783287,6.59043169,6.884150982,0.495347589,-1.078046799,-0.337555408,Freestyle
1763971400317,5.76849699,6.537789822,4.916054249,0.910134614,-0.460992843,-0.629437625,Freestyle
1763971400511,3.144168854,4.607978344,6.055635929,0.355664909,-0.11158637,-0.771250904,Freestyle
1763971400713,0.917647481,7.269993305,2.794816732,0.174570084,-0.078163721,-1.134638906,Freestyle
1763971400914,0.482153773,9.0418787,2.243869543,1.029177785,0.168711126,-0.6708498,Freestyle
1763971401113,2.497508526,10.31067276,4.877768993,0.15020217,-0.438489139,-0.081625827,Freestyle
1763971401316,3.862613916,6.777071953,9.062815666,-1.069391489,0.050600022,0.37044543,Freestyle
1763971401513,1.252642632,-0.443868607,12.71127224,-1.65075922,0.629837155,1.157808423,Freestyle
1763971401717,2.435295343,4.880760193,8.018946648,-1.034104705,0.251934856,0.266049594,Freestyle
1763971401920,-0.23629123,3.032304525,9.555737495,-0.854474604,0.385092795,-0.006258424,Freestyle
1763971402115,-1.619940877,0.446859628,9.000602722,-0.596414506,0.564589739,-1.120790482,Freestyle
1763971402316,-4.886143684,7.825726509,7.535596848,0.478303373,0.334492773,-2.253432035,Freestyle
1763971402516,-1.380658627,10.80419254,6.649653912,2.83879447,-0.008522109,-4.17317009,Freestyle
1763971402713,-2.841476917,3.985246181,8.866603851,1.216264725,-2.151166677,-3.802724838,Freestyle
1763971402914,0.635294437,-0.965503931,8.550153732,-1.386706948,-1.264867425,-0.809999824,Freestyle
1763971403112,-0.293718994,-8.512466431,6.74536705,-2.962897778,-1.285906315,1.824397087,Freestyle
1763971403307,-5.053641319,-4.490131855,6.409773827,-2.006024599,-0.951946199,4.046803474,Freestyle
1763971403509,1.655235052,4.368695736,7.731808186,0.297608018,-2.207891941,5.182107925,Freestyle
1763971403709,1.588235974,6.681358814,8.651249886,1.427453279,-2.328399897,1.85515666,Freestyle
1763971403910,4.82034111,6.552146435,7.540382385,0.044874232,-1.525856972,0.533164442,Freestyle
1763971404017,7.798807144,4.387838364,8.656036377,-0.281762242,-1.298290014,-0.21984379,Freestyle
1763971404166,-4.268197536,7.097710133,5.998208046,0.847550392,2.698978662,-2.814027071,Freestyle
1763971404316,-7.648657799,10.23888779,2.210369825,0.847550392,2.698978662,-2.814027071,Freestyle
1763971404517,-8.903095245,15.07538128,-0.231505588,5.554551125,-0.453802317,-3.392465115,Freestyle
1763971404713,-6.623931408,3.846462488,1.636092424,1.303882718,-3.457579374,-2.084454536,Freestyle
1763971404913,-3.971487284,-2.316252232,6.960721016,-1.503752828,-2.525074244,-0.941426754,Freestyle
1763971405115,-2.956332445,-8.550751686,4.413561344,-3.882885933,-3.334807873,0.862730384,Freestyle
1763971405315,-9.410971642,0.015553347,5.849853039,-2.265283108,-2.165947199,5.320459366,Freestyle
1763971405514,0.357128769,3.43011117,7.875377655,0.771783531,-3.020288706,4.789425373,Freestyle
1763971405714,2.181656122,5.919843197,8.507082939,0.797482967,-1.71094656,1.025049925,Freestyle
1763971405913,4.715056896,5.417350292,8.8474617,-0.065513715,-1.964878798,0.228365898,Freestyle
1763971406117,-0.552143812,6.566503525,5.054837704,0.263120115,0.63995713,-1.438372254,Freestyle
1763971406316,-5.254638672,13.73001671,-3.272184849,3.107507229,1.537574887,-2.684064865,Freestyle
1763971406519,-6.523432732,7.53858757,-3.099901676,4.8525424,-2.217745781,-2.246374607,Freestyle
1763971406715,-8.711668968,2.558525562,2.445464849,-0.470713377,-3.029343367,-2.125999928,Freestyle
1763971406915,-0.145363972,-2.498106956,3.809971809,-2.413221598,-2.777808189,-0.603471875,Freestyle
1763971407115,-4.086342812,-3.704687595,4.408177376,-3.726691723,-3.36503458,3.227082968,Freestyle
1763971407317,4.825126648,3.650250912,8.124231339,-0.673912406,-2.884733915,6.194108486,Freestyle
1763971407516,-3.391826153,3.793820381,12.30927753,1.208408475,-2.221207857,1.592435956,Freestyle
1763971407720,-0.384646237,4.37348175,9.081958771,0.181760609,-1.308543205,-0.273905903,Freestyle
1763971407916,-6.164509296,5.972485542,7.295716286,0.620915532,0.670982957,-1.596563935,Freestyle
1763971408116,-0.446859628,12.65743351,-3.784249067,4.684762955,0.614257634,-2.436657429,Freestyle
1763971408311,-4.79521656,5.857629776,-2.060818434,3.322424173,-3.168759823,-2.004826069,Freestyle
1763971408517,-5.398207664,3.640679598,4.844269276,-0.894155681,-2.998983383,-1.775261879,Freestyle
1763971408713,-0.054436713,-4.126422882,4.777270317,-3.279946804,-2.728007078,-0.099868469,Freestyle
1763971408918,-5.082355499,-6.855436802,2.315654039,-3.68767643,-2.307094812,3.497260571,Freestyle
1763971409119,0.017347964,2.793022156,2.502892494,-0.473110229,-3.61430645,5.473723888,Freestyle
1763971409317,-3.808775425,6.403791428,10.82512951,1.59270227,-1.957288742,2.128130436,Freestyle
1763971409517,1.516451359,4.713262558,8.813961983,-0.05339634,-2.060619354,0.509196043,Freestyle
1763971409717,3.900899172,5.795416355,8.105088234,-0.344745934,-0.698014021,-0.846218824,Freestyle
1763971409823,-1.227517962,7.083353043,4.341178417,0.645017147,1.292830586,-2.505367041,Freestyle
1763971410017,-6.202794552,12.36012554,-1.912463546,0.645017147,1.292830586,-2.505367041,Freestyle
1763971410216,-1.270588875,12.34098244,-3.272184849,5.138165951,-0.48256442,-2.928942442,Freestyle
1763971410417,-1.663609982,5.182255745,6.687939167,0.719452441,-4.759464741,-2.410025835,Freestyle
1763971410619,0.52043891,-2.627319336,7.295716286,-2.002828836,-2.8869977,-0.869654596,Freestyle
1763971410813,-2.319243431,-6.372086525,4.470989227,-3.837345839,-1.753157616,1.633315444,Freestyle
1763971411007,-7.844869137,-3.786043644,7.013363361,-2.650375843,-1.271658421,4.322839737,Freestyle
1763971411210,-2.525026083,3.822534084,7.338787079,0.449674428,-3.425222158,5.128578663,Freestyle
1763971411410,2.358724833,7.207779884,8.632107735,1.115863681,-2.06328249,1.537175417,Freestyle
1763971411611,3.192025423,4.885545731,8.766105652,-0.07603319,-1.564073324,0.136087433,Freestyle
1763971411816,0.525224566,7.710870743,5.308476925,0.045007389,0.2093243,-1.046355247,Freestyle
1763971412011,-6.892525673,11.10090256,-1.820937991,1.652223945,1.86793983,-3.116295576,Freestyle
1763971412216,-5.584847927,8.462815285,-1.016949654,5.508345127,-0.863662481,-2.638391733,Freestyle
1763971412418,-5.278566837,3.650250912,5.720640659,0.256861687,-3.802858114,-1.832786083,Freestyle
1763971412618,-2.343171597,-4.566701889,4.829912663,-2.294977427,-2.125334024,-0.533963382,Freestyle
1763971412816,-1.562513232,-4.882554531,5.002195835,-3.691671133,-3.083006144,2.266614676,Freestyle
1763971413016,1.066002488,-4.255635262,2.29651165,-1.362072706,-2.148769855,5.917939186,Freestyle
1763971413216,-1.146162033,3.884747505,9.613762856,1.321992159,-3.077280283,2.910699844,Freestyle
1763971413418,4.17846632,4.947759151,8.420941353,0.522778153,-1.949432492,0.537292361,Freestyle
1763971413616,3.833899975,6.178267956,8.775676727,0.24847275,-0.756736636,-0.686828732,Freestyle
1763971413816,-5.714060307,8.380861282,5.260620594,0.778441429,1.135437846,-1.87619555,Freestyle
1763971414018,-2.827120066,11.9533453,0.319441825,2.77860713,-0.133557424,-1.898299813,Freestyle
1763971414214,-3.947559118,7.639086246,0.251844585,2.000831366,-1.40228641,-1.284308434,Freestyle
1763971414422,-5.345565796,6.901498795,1.664806366,-0.157126382,-0.291216433,-0.114249527,Freestyle
1763971414617,-4.646263599,7.749155998,2.531606436,-0.209856942,-0.935434639,0.260190636,Freestyle
1763971414817,-4.067200184,9.918250084,1.971087694,0.377502799,-0.139682695,0.804540336,Freestyle
1763971415014,-2.443670034,9.156734467,2.488535643,0.039547913,-0.508929729,0.897617757,Freestyle
1763971415221,0.270987153,8.611170769,3.125026464,-0.44381547,-1.423458576,0.185755342,Freestyle
1763971415415,0.836291492,9.573683739,3.192025423,-0.720650852,-1.108406782,-0.216647997,Freestyle
1763971415607,3.43609333,8.697312355,5.327619553,-1.662210703,-1.732385039,-1.017726302,Freestyle
1763971415809,4.063611031,5.871986866,6.563512325,-0.774579823,-2.332394838,-1.783118129,Freestyle
1763971416012,2.708675146,4.976472855,7.841877937,-0.937165678,-0.837563515,-1.349822164,Freestyle
1763971416209,3.896113396,4.574478626,7.396214962,0.006125266,-1.133973122,-0.447810203,Freestyle
1763971416315,2.995813847,5.249254704,6.721438885,0.744885623,-0.378834397,-0.463656008,Freestyle
1763971416497,2.90967226,6.700501442,4.973481655,1.282177925,-0.784300327,-0.422110707,Freestyle
1763971416613,3.561118364,7.864011765,3.134597778,1.282177925,-0.784300327,-0.422110707,Freestyle
1763971416815,2.047657967,8.453244209,1.48295188,1.013465166,0.154862702,-0.49614653,Freestyle
1763971417013,1.880160451,10.31067276,2.866601467,0.133690581,0.274704874,-0.223305896,Freestyle
1763971417216,3.483949661,10.21017456,5.998208046,-1.371260643,-0.202533245,0.177899033,Freestyle
1763971417413,2.751745939,1.725225091,11.36590767,-2.058621883,1.088166833,0.924515665,Freestyle
1763971417612,0.61615181,-1.315454245,9.330811501,-1.110936761,0.448875457,0.156593755,Freestyle
1763971417813,0.43908295,5.115256786,8.708678246,-0.267913818,-0.204131141,0.414520711,Freestyle
1763971418015,1.238285661,3.659822226,7.688737392,0.183624819,0.143943757,-0.100134782,Freestyle
1763971418219,1.439282775,6.202196121,9.723833084,0.275636971,-0.180562183,-0.572845519,Freestyle
1763971418417,1.516451359,3.611965895,10.08754253,-0.967658877,-0.203065887,-0.135687962,Freestyle
1763971418615,-1.457229018,1.720439434,9.671191216,-0.635296583,0.562991858,-1.213468432,Freestyle
1763971418720,-7.825726509,7.140780926,5.897709846,2.650509119,0.994423628,-3.571429491,Freestyle
1763971418917,-2.343171597,9.180662155,6.92243576,2.650509119,0.994423628,-3.571429491,Freestyle
1763971419116,-3.597608805,7.878368378,9.058030128,2.409759521,-0.94448936,-4.376369476,Freestyle
1763971419317,1.410568953,0.42771706,7.496713161,0.01238369,-2.679803848,-1.922667742,Freestyle
1763971419513,-0.422931403,-8.277970314,4.336392879,-3.080076694,-1.731452942,0.751676679,Freestyle
1763971419717,-6.729215622,-5.505286694,3.465405464,-2.385258436,-0.601074994,3.157840967,Freestyle
1763971419915,-2.510669231,1.706082582,6.879364967,-1.156743169,-1.752092361,4.987031937,Freestyle
1763971420114,1.655235052,5.536991596,9.493523598,1.680187106,-3.20884037,3.064896584,Freestyle
1763971420308,3.589832067,4.636692047,8.325227737,0.237420633,-2.726142883,1.10561049,Freestyle
1763971420440,4.140181541,4.076173306,9.105886459,-0.508663416,-0.219577461,0.052597392,Freestyle
1763971420641,0.510867655,6.91106987,5.787639618,0.105594255,0.665257156,-1.529984951,Freestyle
1763971420750,-8.682954788,6.667002201,6.060421467,0.105594255,0.665257156,-1.529984951,Freestyle
1763971420941,-7.060023308,15.09930897,3.369094372,2.391783237,1.932521462,-3.353316784,Freestyle
1763971421145,-7.97467947,5.345565796,2.033301115,4.48422718,-0.822649837,-2.545846939,Freestyle
1763971421353,-5.714060307,-0.884147942,6.409773827,-0.031425279,-2.850911856,-2.121472597,Freestyle
1763971421551,2.914458036,-7.765307903,4.374678135,-2.628005505,-2.954908133,-0.633166075,Freestyle
1763971421747,-5.111069202,-2.249253273,6.750152588,-2.873016119,-3.105643034,3.480482578,Freestyle
1763971421948,1.247856975,2.548954248,7.137789726,-0.861931443,-1.762079239,6.088514328,Freestyle
1763971422148,0.141774744,5.589633465,9.129815102,1.865676165,-2.541452646,2.364752054,Freestyle
1763971422347,3.695116282,5.139184952,7.942376614,0.408928066,-1.692437649,0.859800935,Freestyle
1763971422551,2.976671457,5.714060307,8.19122982,-0.460992843,-0.717721403,-0.217446938,Freestyle
1763971422747,-10.09113121,10.43988514,3.996612072,0.326503307,1.320793748,-2.148237228,Freestyle
1763971422946,-2.913261652,9.214161873,-0.260219455,3.889543772,0.213851675,-2.932803869,Freestyle
1763971423149,-5.111069202,6.375077724,3.963112593,2.820818186,-3.70085907,-2.267813206,Freestyle
1763971423357,-1.835893154,0.877567708,6.573083878,-1.407879114,-2.233458281,-1.979659319,Freestyle
1763971423547,2.162513494,-7.578667641,5.289334297,-3.197788239,-3.040528774,0.417317033,Freestyle
1763971423751,-5.240281582,-5.006981373,6.10349226,-2.502836943,-1.532248616,3.275818825,Freestyle
1763971423947,-1.505085468,-4.082753658,8.550153732,-0.641688168,-1.907354593,5.356411934,Freestyle
1763971424145,1.405783296,5.943771362,8.55493927,1.884584546,-3.232542515,2.616420746,Freestyle
1763971424348,3.125026464,4.761118889,8.8474617,0.485893369,-1.328250647,0.910400927,Freestyle
1763971424458,5.566901684,5.312066078,7.593024254,-0.3173154,-0.74874717,-0.032091066,Freestyle
1763971424590,3.833899975,5.244469166,8.325227737,0.022503695,0.684964538,-1.395495415,Freestyle
1763971424749,-1.850250125,5.340780258,6.635297298,0.022503695,0.684964538,-1.395495415,Freestyle
1763971424949,-7.993822098,12.4558382,0.927218795,1.695233941,1.808018684,-3.364768267,Freestyle
1763971425147,-4.718048096,10.88554859,2.023729801,5.101680756,-1.019191027,-2.175934076,Freestyle
1763971425350,-9.750752449,3.032304525,2.315654039,0.271242768,-1.999766111,-2.054360867,Freestyle
1763971425547,-5.517848969,-0.721436024,6.735795975,-0.952345669,-1.881655097,-1.223987937,Freestyle
1763971425748,0.515653253,-7.176074982,4.844269276,-3.39632678,-3.245325565,0.439820737,Freestyle
1763971425947,-6.0927248,-1.588235974,7.880163193,-2.507364273,-2.348240614,4.506464481,Freestyle
1763971426149,2.766103029,6.810571671,11.09312534,0.143144801,-2.13665247,5.184105396,Freestyle
1763971426345,-2.06560421,4.919044971,9.76211834,0.998950958,-2.253964663,1.117727876,Freestyle
1763971426547,3.924827337,6.3846488,7.760521889,0.261522233,-1.636378169,0.470979691,Freestyle
1763971426750,4.518247128,5.728417397,8.009375572,0.03249054,-1.011467814,-0.759133518,Freestyle
1763971426947,-8.491529465,9.458827972,5.902495384,0.499076009,1.934385657,-2.31588316,Freestyle
1763971427146,-4.129413605,12.40319633,-4.804189682,4.585427284,-0.567519188,-1.899897695,Freestyle
1763971495863,-0.409770876,8.103892326,5.769095421,1.53251493,-4.200067997,-1.97300148,Freestyle
1763971496134,0.050847482,8.151150703,5.749354839,1.53251493,-4.200067997,-1.97300148,Freestyle
1763971496263,-0.561715126,8.199007034,5.878567219,0.028229486,0.040480018,-0.005459476,Freestyle
1763971496383,-1.012163997,8.199007034,4.274179459,0.14647375,0.109988473,-0.026631592,Freestyle
